Year,Month,Yearmonth,Region,Product,Volume
2008,Jan,2008 Jan,ADE,Product A,284
2008,Jan,2008 Jan,MEL,Product A,5225
2008,Jan,2008 Jan,BRI,Product A,189
2008,Jan,2008 Jan,SYD,Product A,465
2008,Jan,2008 Jan,MEL,Product B,3923
2008,Jan,2008 Jan,ADE,Product B,5
2008,Feb,2008 Feb,ADE,Product A,213
2008,Feb,2008 Feb,MEL,Product A,5178
2008,Feb,2008 Feb,BRI,Product A,204
2008,Feb,2008 Feb,SYD,Product A,532
2008,Feb,2008 Feb,MEL,Product B,4436
2008,Feb,2008 Feb,ADE,Product B,6
2008,Mar,2008 Mar,ADE,Product A,227
2008,Mar,2008 Mar,MEL,Product A,5297
2008,Mar,2008 Mar,BRI,Product A,208
2008,Mar,2008 Mar,SYD,Product A,561
2008,Mar,2008 Mar,MEL,Product B,4806
2008,Mar,2008 Mar,ADE,Product B,7
2008,Apr,2008 Apr,ADE,Product A,308
2008,Apr,2008 Apr,MEL,Product A,5681
2008,Apr,2008 Apr,BRI,Product A,197
2008,Apr,2008 Apr,SYD,Product A,570
2008,Apr,2008 Apr,MEL,Product B,4418
2008,Apr,2008 Apr,ADE,Product B,6
2008,May,2008 May,ADE,Product A,262
2008,May,2008 May,MEL,Product A,5577
2008,May,2008 May,BRI,Product A,187
2008,May,2008 May,SYD,Product A,529
2008,May,2008 May,MEL,Product B,4339
2008,May,2008 May,ADE,Product B,5
2008,Jun,2008 Jun,ADE,Product A,228
2008,Jun,2008 Jun,MEL,Product A,5651
2008,Jun,2008 Jun,BRI,Product A,214
2008,Jun,2008 Jun,SYD,Product A,604
2008,Jun,2008 Jun,MEL,Product B,4811
2008,Jun,2008 Jun,ADE,Product B,7
2008,Jul,2008 Jul,ADE,Product A,236
2008,Jul,2008 Jul,MEL,Product A,5317
2008,Jul,2008 Jul,BRI,Product A,227
2008,Jul,2008 Jul,SYD,Product A,603
2008,Jul,2008 Jul,MEL,Product B,5259
2008,Jul,2008 Jul,ADE,Product B,7
2008,Aug,2008 Aug,ADE,Product A,320
2008,Aug,2008 Aug,MEL,Product A,6152
2008,Aug,2008 Aug,BRI,Product A,222
2008,Aug,2008 Aug,SYD,Product A,582
2008,Aug,2008 Aug,MEL,Product B,4735
2008,Aug,2008 Aug,ADE,Product B,6
2008,Sep,2008 Sep,ADE,Product A,272
2008,Sep,2008 Sep,MEL,Product A,5758
2008,Sep,2008 Sep,BRI,Product A,199
2008,Sep,2008 Sep,SYD,Product A,554
2008,Sep,2008 Sep,MEL,Product B,4608
2008,Sep,2008 Sep,ADE,Product B,5
2008,Oct,2008 Oct,ADE,Product A,233
2008,Oct,2008 Oct,MEL,Product A,5641
2008,Oct,2008 Oct,BRI,Product A,229
2008,Oct,2008 Oct,SYD,Product A,620
2008,Oct,2008 Oct,MEL,Product B,5196
2008,Oct,2008 Oct,ADE,Product B,7
2008,Nov,2008 Nov,ADE,Product A,237
2008,Nov,2008 Nov,MEL,Product A,5802
2008,Nov,2008 Nov,BRI,Product A,249
2008,Nov,2008 Nov,SYD,Product A,646
2008,Nov,2008 Nov,MEL,Product B,5609
2008,Nov,2008 Nov,ADE,Product B,8
2008,Dec,2008 Dec,ADE,Product A,313
2008,Dec,2008 Dec,MEL,Product A,6265
2008,Dec,2008 Dec,BRI,Product A,234
2008,Dec,2008 Dec,SYD,Product A,637
2008,Dec,2008 Dec,MEL,Product B,4977
2008,Dec,2008 Dec,ADE,Product B,6
2009,Jan,2009 Jan,ADE,Product A,261
2009,Jan,2009 Jan,MEL,Product A,5478
2009,Jan,2009 Jan,BRI,Product A,208
2009,Jan,2009 Jan,SYD,Product A,573
2009,Jan,2009 Jan,MEL,Product B,4883
2009,Jan,2009 Jan,ADE,Product B,5
2009,Feb,2009 Feb,ADE,Product A,227
2009,Feb,2009 Feb,MEL,Product A,5892
2009,Feb,2009 Feb,BRI,Product A,251
2009,Feb,2009 Feb,SYD,Product A,673
2009,Feb,2009 Feb,MEL,Product B,5744
2009,Feb,2009 Feb,ADE,Product B,7
2009,Mar,2009 Mar,ADE,Product A,250
2009,Mar,2009 Mar,MEL,Product A,5952
2009,Mar,2009 Mar,BRI,Product A,267
2009,Mar,2009 Mar,SYD,Product A,690
2009,Mar,2009 Mar,MEL,Product B,6035
2009,Mar,2009 Mar,ADE,Product B,8
2009,Apr,2009 Apr,ADE,Product A,314
2009,Apr,2009 Apr,MEL,Product A,6597
2009,Apr,2009 Apr,BRI,Product A,255
2009,Apr,2009 Apr,SYD,Product A,681
2009,Apr,2009 Apr,MEL,Product B,5514
2009,Apr,2009 Apr,ADE,Product B,6
2009,May,2009 May,ADE,Product A,286
2009,May,2009 May,MEL,Product A,5980
2009,May,2009 May,BRI,Product A,242
2009,May,2009 May,SYD,Product A,621
2009,May,2009 May,MEL,Product B,5387
2009,May,2009 May,ADE,Product B,6
2009,Jun,2009 Jun,ADE,Product A,227
2009,Jun,2009 Jun,MEL,Product A,6154
2009,Jun,2009 Jun,BRI,Product A,268
2009,Jun,2009 Jun,SYD,Product A,698
2009,Jun,2009 Jun,MEL,Product B,6211
2009,Jun,2009 Jun,ADE,Product B,8
2009,Jul,2009 Jul,ADE,Product A,260
2009,Jul,2009 Jul,MEL,Product A,5478
2009,Jul,2009 Jul,BRI,Product A,290
2009,Jul,2009 Jul,SYD,Product A,753
2009,Jul,2009 Jul,MEL,Product B,6659
2009,Jul,2009 Jul,ADE,Product B,8
2009,Aug,2009 Aug,ADE,Product A,311
2009,Aug,2009 Aug,MEL,Product A,6716
2009,Aug,2009 Aug,BRI,Product A,277
2009,Aug,2009 Aug,SYD,Product A,728
2009,Aug,2009 Aug,MEL,Product B,5983
2009,Aug,2009 Aug,ADE,Product B,7
2009,Sep,2009 Sep,ADE,Product A,295
2009,Sep,2009 Sep,MEL,Product A,6022
2009,Sep,2009 Sep,BRI,Product A,241
2009,Sep,2009 Sep,SYD,Product A,688
2009,Sep,2009 Sep,MEL,Product B,5709
2009,Sep,2009 Sep,ADE,Product B,6
2009,Oct,2009 Oct,ADE,Product A,233
2009,Oct,2009 Oct,MEL,Product A,6070
2009,Oct,2009 Oct,BRI,Product A,253
2009,Oct,2009 Oct,SYD,Product A,737
2009,Oct,2009 Oct,MEL,Product B,6458
2009,Oct,2009 Oct,ADE,Product B,7
2009,Nov,2009 Nov,ADE,Product A,257
2009,Nov,2009 Nov,MEL,Product A,6303
2009,Nov,2009 Nov,BRI,Product A,265
2009,Nov,2009 Nov,SYD,Product A,742
2009,Nov,2009 Nov,MEL,Product B,6875
2009,Nov,2009 Nov,ADE,Product B,8
2009,Dec,2009 Dec,ADE,Product A,339
2009,Dec,2009 Dec,MEL,Product A,6693
2009,Dec,2009 Dec,BRI,Product A,236
2009,Dec,2009 Dec,SYD,Product A,692
2009,Dec,2009 Dec,MEL,Product B,6162
2009,Dec,2009 Dec,ADE,Product B,6
2010,Jan,2010 Jan,ADE,Product A,279
2010,Jan,2010 Jan,MEL,Product A,6072
2010,Jan,2010 Jan,BRI,Product A,229
2010,Jan,2010 Jan,SYD,Product A,637
2010,Jan,2010 Jan,MEL,Product B,6098
2010,Jan,2010 Jan,ADE,Product B,6
2010,Feb,2010 Feb,ADE,Product A,250
2010,Feb,2010 Feb,MEL,Product A,6112
2010,Feb,2010 Feb,BRI,Product A,265
2010,Feb,2010 Feb,SYD,Product A,757
2010,Feb,2010 Feb,MEL,Product B,7075
2010,Feb,2010 Feb,ADE,Product B,8
2010,Mar,2010 Mar,ADE,Product A,270
2010,Mar,2010 Mar,MEL,Product A,6146
2010,Mar,2010 Mar,BRI,Product A,275
2010,Mar,2010 Mar,SYD,Product A,783
2010,Mar,2010 Mar,MEL,Product B,7595
2010,Mar,2010 Mar,ADE,Product B,8
2010,Apr,2010 Apr,ADE,Product A,346
2010,Apr,2010 Apr,MEL,Product A,6787
2010,Apr,2010 Apr,BRI,Product A,258
2010,Apr,2010 Apr,SYD,Product A,757
2010,Apr,2010 Apr,MEL,Product B,6891
2010,Apr,2010 Apr,ADE,Product B,7
2010,May,2010 May,ADE,Product A,294
2010,May,2010 May,MEL,Product A,6051
2010,May,2010 May,BRI,Product A,231
2010,May,2010 May,SYD,Product A,674
2010,May,2010 May,MEL,Product B,6707
2010,May,2010 May,ADE,Product B,6
2010,Jun,2010 Jun,ADE,Product A,255
2010,Jun,2010 Jun,MEL,Product A,6259
2010,Jun,2010 Jun,BRI,Product A,263
2010,Jun,2010 Jun,SYD,Product A,774
2010,Jun,2010 Jun,MEL,Product B,7874
2010,Jun,2010 Jun,ADE,Product B,8
2010,Jul,2010 Jul,ADE,Product A,278
2010,Jul,2010 Jul,MEL,Product A,6348
2010,Jul,2010 Jul,BRI,Product A,308
2010,Jul,2010 Jul,SYD,Product A,835
2010,Jul,2010 Jul,MEL,Product B,8555
2010,Jul,2010 Jul,ADE,Product B,9
2010,Aug,2010 Aug,ADE,Product A,363
2010,Aug,2010 Aug,MEL,Product A,6883
2010,Aug,2010 Aug,BRI,Product A,313
2010,Aug,2010 Aug,SYD,Product A,838
2010,Aug,2010 Aug,MEL,Product B,7503
2010,Aug,2010 Aug,ADE,Product B,7
2010,Sep,2010 Sep,ADE,Product A,313
2010,Sep,2010 Sep,MEL,Product A,5890
2010,Sep,2010 Sep,BRI,Product A,293
2010,Sep,2010 Sep,SYD,Product A,797
2010,Sep,2010 Sep,MEL,Product B,7469
2010,Sep,2010 Sep,ADE,Product B,6
2010,Oct,2010 Oct,ADE,Product A,273
2010,Oct,2010 Oct,MEL,Product A,6365
2010,Oct,2010 Oct,BRI,Product A,328
2010,Oct,2010 Oct,SYD,Product A,904
2010,Oct,2010 Oct,MEL,Product B,8829
2010,Oct,2010 Oct,ADE,Product B,8
2010,Nov,2010 Nov,ADE,Product A,300
2010,Nov,2010 Nov,MEL,Product A,7373
2010,Nov,2010 Nov,BRI,Product A,349
2010,Nov,2010 Nov,SYD,Product A,949
2010,Nov,2010 Nov,MEL,Product B,9513
2010,Nov,2010 Nov,ADE,Product B,9
2010,Dec,2010 Dec,ADE,Product A,370
2010,Dec,2010 Dec,MEL,Product A,6768
2010,Dec,2010 Dec,BRI,Product A,340
2010,Dec,2010 Dec,SYD,Product A,975
2010,Dec,2010 Dec,MEL,Product B,8415
2010,Dec,2010 Dec,ADE,Product B,7
2011,Jan,2011 Jan,ADE,Product A,331
2011,Jan,2011 Jan,MEL,Product A,6201
2011,Jan,2011 Jan,BRI,Product A,309
2011,Jan,2011 Jan,SYD,Product A,902
2011,Jan,2011 Jan,MEL,Product B,8170
2011,Jan,2011 Jan,ADE,Product B,6
2011,Feb,2011 Feb,ADE,Product A,288
2011,Feb,2011 Feb,MEL,Product A,6332
2011,Feb,2011 Feb,BRI,Product A,349
2011,Feb,2011 Feb,SYD,Product A,974
2011,Feb,2011 Feb,MEL,Product B,9503
2011,Feb,2011 Feb,ADE,Product B,8
2011,Mar,2011 Mar,ADE,Product A,306
2011,Mar,2011 Mar,MEL,Product A,7213
2011,Mar,2011 Mar,BRI,Product A,366
2011,Mar,2011 Mar,SYD,Product A,969
2011,Mar,2011 Mar,MEL,Product B,10306
2011,Mar,2011 Mar,ADE,Product B,9
2011,Apr,2011 Apr,ADE,Product A,386
2011,Apr,2011 Apr,MEL,Product A,6600
2011,Apr,2011 Apr,BRI,Product A,340
2011,Apr,2011 Apr,SYD,Product A,967
2011,Apr,2011 Apr,MEL,Product B,9077
2011,Apr,2011 Apr,ADE,Product B,7
2011,May,2011 May,ADE,Product A,335
2011,May,2011 May,MEL,Product A,5522
2011,May,2011 May,BRI,Product A,302
2011,May,2011 May,SYD,Product A,849
2011,May,2011 May,MEL,Product B,8650
2011,May,2011 May,ADE,Product B,6
2011,Jun,2011 Jun,ADE,Product A,288
2011,Jun,2011 Jun,MEL,Product A,6184
2011,Jun,2011 Jun,BRI,Product A,350
2011,Jun,2011 Jun,SYD,Product A,961
2011,Jun,2011 Jun,MEL,Product B,10180
2011,Jun,2011 Jun,ADE,Product B,8
2011,Jul,2011 Jul,ADE,Product A,308
2011,Jul,2011 Jul,MEL,Product A,7202
2011,Jul,2011 Jul,BRI,Product A,362
2011,Jul,2011 Jul,SYD,Product A,966
2011,Jul,2011 Jul,MEL,Product B,11234
2011,Jul,2011 Jul,ADE,Product B,10
2011,Aug,2011 Aug,ADE,Product A,402
2011,Aug,2011 Aug,MEL,Product A,6599
2011,Aug,2011 Aug,BRI,Product A,337
2011,Aug,2011 Aug,SYD,Product A,922
2011,Aug,2011 Aug,MEL,Product B,9836
2011,Aug,2011 Aug,ADE,Product B,7
2011,Sep,2011 Sep,ADE,Product A,353
2011,Sep,2011 Sep,MEL,Product A,5801
2011,Sep,2011 Sep,BRI,Product A,306
2011,Sep,2011 Sep,SYD,Product A,836
2011,Sep,2011 Sep,MEL,Product B,9490
2011,Sep,2011 Sep,ADE,Product B,6
2011,Oct,2011 Oct,ADE,Product A,316
2011,Oct,2011 Oct,MEL,Product A,6771
2011,Oct,2011 Oct,BRI,Product A,358
2011,Oct,2011 Oct,SYD,Product A,998
2011,Oct,2011 Oct,MEL,Product B,10991
2011,Oct,2011 Oct,ADE,Product B,9
2011,Nov,2011 Nov,ADE,Product A,325
2011,Nov,2011 Nov,MEL,Product A,6837
2011,Nov,2011 Nov,BRI,Product A,359
2011,Nov,2011 Nov,SYD,Product A,1025
2011,Nov,2011 Nov,MEL,Product B,12170
2011,Nov,2011 Nov,ADE,Product B,10
2011,Dec,2011 Dec,ADE,Product A,405
2011,Dec,2011 Dec,MEL,Product A,6685
2011,Dec,2011 Dec,BRI,Product A,357
2011,Dec,2011 Dec,SYD,Product A,971
2011,Dec,2011 Dec,MEL,Product B,10470
2011,Dec,2011 Dec,ADE,Product B,7
2012,Jan,2012 Jan,ADE,Product A,393
2012,Jan,2012 Jan,MEL,Product A,6255
2012,Jan,2012 Jan,BRI,Product A,341
2012,Jan,2012 Jan,SYD,Product A,892
2012,Jan,2012 Jan,MEL,Product B,10087
2012,Jan,2012 Jan,ADE,Product B,6
2012,Feb,2012 Feb,ADE,Product A,319
2012,Feb,2012 Feb,MEL,Product A,6977
2012,Feb,2012 Feb,BRI,Product A,380
2012,Feb,2012 Feb,SYD,Product A,973
2012,Feb,2012 Feb,MEL,Product B,11858
2012,Feb,2012 Feb,ADE,Product B,9
2012,Mar,2012 Mar,ADE,Product A,327
2012,Mar,2012 Mar,MEL,Product A,7417
2012,Mar,2012 Mar,BRI,Product A,404
2012,Mar,2012 Mar,SYD,Product A,1047
2012,Mar,2012 Mar,MEL,Product B,13198
2012,Mar,2012 Mar,ADE,Product B,11
2012,Apr,2012 Apr,ADE,Product A,442
2012,Apr,2012 Apr,MEL,Product A,7075
2012,Apr,2012 Apr,BRI,Product A,409
2012,Apr,2012 Apr,SYD,Product A,1017
2012,Apr,2012 Apr,MEL,Product B,11413
2012,Apr,2012 Apr,ADE,Product B,8
2012,May,2012 May,ADE,Product A,383
2012,May,2012 May,MEL,Product A,6641
2012,May,2012 May,BRI,Product A,383
2012,May,2012 May,SYD,Product A,948
2012,May,2012 May,MEL,Product B,11136
2012,May,2012 May,ADE,Product B,7
2012,Jun,2012 Jun,ADE,Product A,332
2012,Jun,2012 Jun,MEL,Product A,7154
2012,Jun,2012 Jun,BRI,Product A,417
2012,Jun,2012 Jun,SYD,Product A,1032
2012,Jun,2012 Jun,MEL,Product B,13040
2012,Jun,2012 Jun,ADE,Product B,10
2012,Jul,2012 Jul,ADE,Product A,361
2012,Jul,2012 Jul,MEL,Product A,7929
2012,Jul,2012 Jul,BRI,Product A,454
2012,Jul,2012 Jul,SYD,Product A,1190
2012,Jul,2012 Jul,MEL,Product B,14248
2012,Jul,2012 Jul,ADE,Product B,13
2012,Aug,2012 Aug,ADE,Product A,446
2012,Aug,2012 Aug,MEL,Product A,7362
2012,Aug,2012 Aug,BRI,Product A,428
2012,Aug,2012 Aug,SYD,Product A,1136
2012,Aug,2012 Aug,MEL,Product B,12759
2012,Aug,2012 Aug,ADE,Product B,11
2012,Sep,2012 Sep,ADE,Product A,387
2012,Sep,2012 Sep,MEL,Product A,6807
2012,Sep,2012 Sep,BRI,Product A,386
2012,Sep,2012 Sep,SYD,Product A,1049
2012,Sep,2012 Sep,MEL,Product B,12328
2012,Sep,2012 Sep,ADE,Product B,12
2012,Oct,2012 Oct,ADE,Product A,357
2012,Oct,2012 Oct,MEL,Product A,7612
2012,Oct,2012 Oct,BRI,Product A,428
2012,Oct,2012 Oct,SYD,Product A,1134
2012,Oct,2012 Oct,MEL,Product B,14493
2012,Oct,2012 Oct,ADE,Product B,18
2012,Nov,2012 Nov,ADE,Product A,374
2012,Nov,2012 Nov,MEL,Product A,7862
2012,Nov,2012 Nov,BRI,Product A,434
2012,Nov,2012 Nov,SYD,Product A,1229
2012,Nov,2012 Nov,MEL,Product B,15664
2012,Nov,2012 Nov,ADE,Product B,23
2012,Dec,2012 Dec,ADE,Product A,466
2012,Dec,2012 Dec,MEL,Product A,7126
2012,Dec,2012 Dec,BRI,Product A,417
2012,Dec,2012 Dec,SYD,Product A,1188
2012,Dec,2012 Dec,MEL,Product B,13781
2012,Dec,2012 Dec,ADE,Product B,20
2013,Jan,2013 Jan,ADE,Product A,410
2013,Jan,2013 Jan,MEL,Product A,7255
2013,Jan,2013 Jan,BRI,Product A,385
2013,Jan,2013 Jan,SYD,Product A,1058
2013,Jan,2013 Jan,MEL,Product B,13299
2013,Jan,2013 Jan,ADE,Product B,19
2013,Feb,2013 Feb,ADE,Product A,370
2013,Feb,2013 Feb,MEL,Product A,8076
2013,Feb,2013 Feb,BRI,Product A,433
2013,Feb,2013 Feb,SYD,Product A,1209
2013,Feb,2013 Feb,MEL,Product B,15230
2013,Feb,2013 Feb,ADE,Product B,23
2013,Mar,2013 Mar,ADE,Product A,379
2013,Mar,2013 Mar,MEL,Product A,8405
2013,Mar,2013 Mar,BRI,Product A,453
2013,Mar,2013 Mar,SYD,Product A,1199
2013,Mar,2013 Mar,MEL,Product B,16667
2013,Mar,2013 Mar,ADE,Product B,28
2013,Apr,2013 Apr,ADE,Product A,487
2013,Apr,2013 Apr,MEL,Product A,7974
2013,Apr,2013 Apr,BRI,Product A,436
2013,Apr,2013 Apr,SYD,Product A,1253
2013,Apr,2013 Apr,MEL,Product B,14484
2013,Apr,2013 Apr,ADE,Product B,24
2013,May,2013 May,ADE,Product A,419
2013,May,2013 May,MEL,Product A,6500
2013,May,2013 May,BRI,Product A,399
2013,May,2013 May,SYD,Product A,1070
2013,May,2013 May,MEL,Product B,13838
2013,May,2013 May,ADE,Product B,24
2013,Jun,2013 Jun,ADE,Product A,378
2013,Jun,2013 Jun,MEL,Product A,7119
2013,Jun,2013 Jun,BRI,Product A,461
2013,Jun,2013 Jun,SYD,Product A,1282
2013,Jun,2013 Jun,MEL,Product B,15919
2013,Jun,2013 Jun,ADE,Product B,34
2013,Jul,2013 Jul,ADE,Product A,393
2013,Jul,2013 Jul,MEL,Product A,7367
2013,Jul,2013 Jul,BRI,Product A,476
2013,Jul,2013 Jul,SYD,Product A,1303
2013,Jul,2013 Jul,MEL,Product B,17149
2013,Jul,2013 Jul,ADE,Product B,40
2013,Aug,2013 Aug,ADE,Product A,506
2013,Aug,2013 Aug,MEL,Product A,7549
2013,Aug,2013 Aug,BRI,Product A,477
2013,Aug,2013 Aug,SYD,Product A,1281
2013,Aug,2013 Aug,MEL,Product B,15564
2013,Aug,2013 Aug,ADE,Product B,35
2013,Sep,2013 Sep,ADE,Product A,458
2013,Sep,2013 Sep,MEL,Product A,7168
2013,Sep,2013 Sep,BRI,Product A,452
2013,Sep,2013 Sep,SYD,Product A,1148
2013,Sep,2013 Sep,MEL,Product B,15024
2013,Sep,2013 Sep,ADE,Product B,34
2013,Oct,2013 Oct,ADE,Product A,387
2013,Oct,2013 Oct,MEL,Product A,7635
2013,Oct,2013 Oct,BRI,Product A,461
2013,Oct,2013 Oct,SYD,Product A,1305
2013,Oct,2013 Oct,MEL,Product B,17064
2013,Oct,2013 Oct,ADE,Product B,41
2013,Nov,2013 Nov,ADE,Product A,427
2013,Nov,2013 Nov,MEL,Product A,8446
2013,Nov,2013 Nov,BRI,Product A,534
2013,Nov,2013 Nov,SYD,Product A,1342
2013,Nov,2013 Nov,MEL,Product B,18512
2013,Nov,2013 Nov,ADE,Product B,48
2013,Dec,2013 Dec,ADE,Product A,565
2013,Dec,2013 Dec,MEL,Product A,7593
2013,Dec,2013 Dec,BRI,Product A,516
2013,Dec,2013 Dec,SYD,Product A,1452
2013,Dec,2013 Dec,MEL,Product B,16467
2013,Dec,2013 Dec,ADE,Product B,39
2014,Jan,2014 Jan,ADE,Product A,465
2014,Jan,2014 Jan,MEL,Product A,6823
2014,Jan,2014 Jan,BRI,Product A,478
2014,Jan,2014 Jan,SYD,Product A,1184
2014,Jan,2014 Jan,MEL,Product B,16249
2014,Jan,2014 Jan,ADE,Product B,38
2014,Feb,2014 Feb,ADE,Product A,445
2014,Feb,2014 Feb,MEL,Product A,7856
2014,Feb,2014 Feb,BRI,Product A,526
2014,Feb,2014 Feb,SYD,Product A,1352
2014,Feb,2014 Feb,MEL,Product B,18515
2014,Feb,2014 Feb,ADE,Product B,48
2014,Mar,2014 Mar,ADE,Product A,450
2014,Mar,2014 Mar,MEL,Product A,8574
2014,Mar,2014 Mar,BRI,Product A,518
2014,Mar,2014 Mar,SYD,Product A,1316
2014,Mar,2014 Mar,MEL,Product B,20377
2014,Mar,2014 Mar,ADE,Product B,52
2014,Apr,2014 Apr,ADE,Product A,556
2014,Apr,2014 Apr,MEL,Product A,8163
2014,Apr,2014 Apr,BRI,Product A,417
2014,Apr,2014 Apr,SYD,Product A,1353
2014,Apr,2014 Apr,MEL,Product B,17681
2014,Apr,2014 Apr,ADE,Product B,43
2014,May,2014 May,ADE,Product A,500
2014,May,2014 May,MEL,Product A,6971
2014,May,2014 May,BRI,Product A,340
2014,May,2014 May,SYD,Product A,1121
2014,May,2014 May,MEL,Product B,16692
2014,May,2014 May,ADE,Product B,39
2014,Jun,2014 Jun,ADE,Product A,452
2014,Jun,2014 Jun,MEL,Product A,8021
2014,Jun,2014 Jun,BRI,Product A,437
2014,Jun,2014 Jun,SYD,Product A,1297
2014,Jun,2014 Jun,MEL,Product B,19184
2014,Jun,2014 Jun,ADE,Product B,49
2014,Jul,2014 Jul,ADE,Product A,435
2014,Jul,2014 Jul,MEL,Product A,8133
2014,Jul,2014 Jul,BRI,Product A,459
2014,Jul,2014 Jul,SYD,Product A,1318
2014,Jul,2014 Jul,MEL,Product B,20078
2014,Jul,2014 Jul,ADE,Product B,55
2014,Aug,2014 Aug,ADE,Product A,554
2014,Aug,2014 Aug,MEL,Product A,8349
2014,Aug,2014 Aug,BRI,Product A,449
2014,Aug,2014 Aug,SYD,Product A,1281
2014,Aug,2014 Aug,MEL,Product B,18260
2014,Aug,2014 Aug,ADE,Product B,47
2014,Sep,2014 Sep,ADE,Product A,510
2014,Sep,2014 Sep,MEL,Product A,6687
2014,Sep,2014 Sep,BRI,Product A,424
2014,Sep,2014 Sep,SYD,Product A,1109
2014,Sep,2014 Sep,MEL,Product B,18023
2014,Sep,2014 Sep,ADE,Product B,44
2014,Oct,2014 Oct,ADE,Product A,433
2014,Oct,2014 Oct,MEL,Product A,7991
2014,Oct,2014 Oct,BRI,Product A,501
2014,Oct,2014 Oct,SYD,Product A,1299
2014,Oct,2014 Oct,MEL,Product B,20234
2014,Oct,2014 Oct,ADE,Product B,58
2014,Nov,2014 Nov,ADE,Product A,453
2014,Nov,2014 Nov,MEL,Product A,6900
2014,Nov,2014 Nov,BRI,Product A,540
2014,Nov,2014 Nov,SYD,Product A,1341
2014,Nov,2014 Nov,MEL,Product B,22272
2014,Nov,2014 Nov,ADE,Product B,65
2014,Dec,2014 Dec,ADE,Product A,548
2014,Dec,2014 Dec,MEL,Product A,7119
2014,Dec,2014 Dec,BRI,Product A,533
2014,Dec,2014 Dec,SYD,Product A,1290
2014,Dec,2014 Dec,MEL,Product B,19684
2014,Dec,2014 Dec,ADE,Product B,54
2015,Jan,2015 Jan,ADE,Product A,486
2015,Jan,2015 Jan,MEL,Product A,7156
2015,Jan,2015 Jan,BRI,Product A,457
2015,Jan,2015 Jan,SYD,Product A,1101
2015,Jan,2015 Jan,MEL,Product B,19031
2015,Jan,2015 Jan,ADE,Product B,49
2015,Feb,2015 Feb,ADE,Product A,453
2015,Feb,2015 Feb,MEL,Product A,8671
2015,Feb,2015 Feb,BRI,Product A,513
2015,Feb,2015 Feb,SYD,Product A,1284
2015,Feb,2015 Feb,MEL,Product B,21545
2015,Feb,2015 Feb,ADE,Product B,64
2015,Mar,2015 Mar,ADE,Product A,457
2015,Mar,2015 Mar,MEL,Product A,8459
2015,Mar,2015 Mar,BRI,Product A,522
2015,Mar,2015 Mar,SYD,Product A,1321
2015,Mar,2015 Mar,MEL,Product B,23270
2015,Mar,2015 Mar,ADE,Product B,74
2015,Apr,2015 Apr,ADE,Product A,566
2015,Apr,2015 Apr,MEL,Product A,7367
2015,Apr,2015 Apr,BRI,Product A,478
2015,Apr,2015 Apr,SYD,Product A,1317
2015,Apr,2015 Apr,MEL,Product B,20107
2015,Apr,2015 Apr,ADE,Product B,58
2015,May,2015 May,ADE,Product A,515
2015,May,2015 May,MEL,Product A,7219
2015,May,2015 May,BRI,Product A,421
2015,May,2015 May,SYD,Product A,1122
2015,May,2015 May,MEL,Product B,20084
2015,May,2015 May,ADE,Product B,56
2015,Jun,2015 Jun,ADE,Product A,464
2015,Jun,2015 Jun,MEL,Product A,7344
2015,Jun,2015 Jun,BRI,Product A,487
2015,Jun,2015 Jun,SYD,Product A,1261
2015,Jun,2015 Jun,MEL,Product B,22634
2015,Jun,2015 Jun,ADE,Product B,71
2015,Jul,2015 Jul,ADE,Product A,431
2015,Jul,2015 Jul,MEL,Product A,7314
2015,Jul,2015 Jul,BRI,Product A,470
2015,Jul,2015 Jul,SYD,Product A,1312
2015,Jul,2015 Jul,MEL,Product B,24494
2015,Jul,2015 Jul,ADE,Product B,78
2015,Aug,2015 Aug,ADE,Product A,588
2015,Aug,2015 Aug,MEL,Product A,7379
2015,Aug,2015 Aug,BRI,Product A,482
2015,Aug,2015 Aug,SYD,Product A,1298
2015,Aug,2015 Aug,MEL,Product B,21396
2015,Aug,2015 Aug,ADE,Product B,65
2015,Sep,2015 Sep,ADE,Product A,503
2015,Sep,2015 Sep,MEL,Product A,7084
2015,Sep,2015 Sep,BRI,Product A,458
2015,Sep,2015 Sep,SYD,Product A,1205
2015,Sep,2015 Sep,MEL,Product B,21323
2015,Sep,2015 Sep,ADE,Product B,59
2015,Oct,2015 Oct,ADE,Product A,443
2015,Oct,2015 Oct,MEL,Product A,7882
2015,Oct,2015 Oct,BRI,Product A,526
2015,Oct,2015 Oct,SYD,Product A,1302
2015,Oct,2015 Oct,MEL,Product B,23644
2015,Oct,2015 Oct,ADE,Product B,74
2015,Nov,2015 Nov,ADE,Product A,448
2015,Nov,2015 Nov,MEL,Product A,7816
2015,Nov,2015 Nov,BRI,Product A,573
2015,Nov,2015 Nov,SYD,Product A,1377
2015,Nov,2015 Nov,MEL,Product B,25994
2015,Nov,2015 Nov,ADE,Product B,88
2015,Dec,2015 Dec,ADE,Product A,555
2015,Dec,2015 Dec,MEL,Product A,6786
2015,Dec,2015 Dec,BRI,Product A,563
2015,Dec,2015 Dec,SYD,Product A,1359
2015,Dec,2015 Dec,MEL,Product B,22802
2015,Dec,2015 Dec,ADE,Product B,71
2016,Jan,2016 Jan,ADE,Product A,513
2016,Jan,2016 Jan,MEL,Product A,6794
2016,Jan,2016 Jan,BRI,Product A,513
2016,Jan,2016 Jan,SYD,Product A,1232
2016,Jan,2016 Jan,MEL,Product B,22604
2016,Jan,2016 Jan,ADE,Product B,68
2016,Feb,2016 Feb,ADE,Product A,427
2016,Feb,2016 Feb,MEL,Product A,8168
2016,Feb,2016 Feb,BRI,Product A,551
2016,Feb,2016 Feb,SYD,Product A,1386
2016,Feb,2016 Feb,MEL,Product B,24510
2016,Feb,2016 Feb,ADE,Product B,91
2016,Mar,2016 Mar,ADE,Product A,473
2016,Mar,2016 Mar,MEL,Product A,8097
2016,Mar,2016 Mar,BRI,Product A,589
2016,Mar,2016 Mar,SYD,Product A,1440
2016,Mar,2016 Mar,MEL,Product B,26690
2016,Mar,2016 Mar,ADE,Product B,103
2016,Apr,2016 Apr,ADE,Product A,526
2016,Apr,2016 Apr,MEL,Product A,7820
2016,Apr,2016 Apr,BRI,Product A,564
2016,Apr,2016 Apr,SYD,Product A,1439
2016,Apr,2016 Apr,MEL,Product B,24132
2016,Apr,2016 Apr,ADE,Product B,83
2016,May,2016 May,ADE,Product A,548
2016,May,2016 May,MEL,Product A,6437
2016,May,2016 May,BRI,Product A,519
2016,May,2016 May,SYD,Product A,1282
2016,May,2016 May,MEL,Product B,23639
2016,May,2016 May,ADE,Product B,88
2016,Jun,2016 Jun,ADE,Product A,440
2016,Jun,2016 Jun,MEL,Product A,7995
2016,Jun,2016 Jun,BRI,Product A,581
2016,Jun,2016 Jun,SYD,Product A,1573
2016,Jun,2016 Jun,MEL,Product B,26320
2016,Jun,2016 Jun,ADE,Product B,110
2016,Jul,2016 Jul,ADE,Product A,469
2016,Jul,2016 Jul,MEL,Product A,8238
2016,Jul,2016 Jul,BRI,Product A,581
2016,Jul,2016 Jul,SYD,Product A,1533
2016,Jul,2016 Jul,MEL,Product B,28345
2016,Jul,2016 Jul,ADE,Product B,120
2016,Aug,2016 Aug,ADE,Product A,575
2016,Aug,2016 Aug,MEL,Product A,8026
2016,Aug,2016 Aug,BRI,Product A,578
2016,Aug,2016 Aug,SYD,Product A,1641
2016,Aug,2016 Aug,MEL,Product B,24890
2016,Aug,2016 Aug,ADE,Product B,101
2016,Sep,2016 Sep,ADE,Product A,493
2016,Sep,2016 Sep,MEL,Product A,6697
2016,Sep,2016 Sep,BRI,Product A,501
2016,Sep,2016 Sep,SYD,Product A,1337
2016,Sep,2016 Sep,MEL,Product B,24675
2016,Sep,2016 Sep,ADE,Product B,93
2016,Oct,2016 Oct,ADE,Product A,433
2016,Oct,2016 Oct,MEL,Product A,7749
2016,Oct,2016 Oct,BRI,Product A,560
2016,Oct,2016 Oct,SYD,Product A,1575
2016,Oct,2016 Oct,MEL,Product B,27122
2016,Oct,2016 Oct,ADE,Product B,116
2016,Nov,2016 Nov,ADE,Product A,480
2016,Nov,2016 Nov,MEL,Product A,8043
2016,Nov,2016 Nov,BRI,Product A,512
2016,Nov,2016 Nov,SYD,Product A,1475
2016,Nov,2016 Nov,MEL,Product B,28590
2016,Nov,2016 Nov,ADE,Product B,127
2016,Dec,2016 Dec,ADE,Product A,576
2016,Dec,2016 Dec,MEL,Product A,7469
2016,Dec,2016 Dec,BRI,Product A,412
2016,Dec,2016 Dec,SYD,Product A,1357
2016,Dec,2016 Dec,MEL,Product B,25371
2016,Dec,2016 Dec,ADE,Product B,98
2017,Jan,2017 Jan,ADE,Product A,475
2017,Jan,2017 Jan,MEL,Product A,6559
2017,Jan,2017 Jan,BRI,Product A,303
2017,Jan,2017 Jan,SYD,Product A,1086
2017,Jan,2017 Jan,MEL,Product B,24687
2017,Jan,2017 Jan,ADE,Product B,92
2017,Feb,2017 Feb,ADE,Product A,405
2017,Feb,2017 Feb,MEL,Product A,7852
2017,Feb,2017 Feb,BRI,Product A,409
2017,Feb,2017 Feb,SYD,Product A,1158
2017,Feb,2017 Feb,MEL,Product B,27285
2017,Feb,2017 Feb,ADE,Product B,118
2017,Mar,2017 Mar,ADE,Product A,435
2017,Mar,2017 Mar,MEL,Product A,7449
2017,Mar,2017 Mar,BRI,Product A,420
2017,Mar,2017 Mar,SYD,Product A,1279
2017,Mar,2017 Mar,MEL,Product B,29290
2017,Mar,2017 Mar,ADE,Product B,124
2017,Apr,2017 Apr,ADE,Product A,535
2017,Apr,2017 Apr,MEL,Product A,6975
2017,Apr,2017 Apr,BRI,Product A,413
2017,Apr,2017 Apr,SYD,Product A,1313
2017,Apr,2017 Apr,MEL,Product B,26684
2017,Apr,2017 Apr,ADE,Product B,104
2017,May,2017 May,ADE,Product A,453
2017,May,2017 May,MEL,Product A,6631
2017,May,2017 May,BRI,Product A,400
2017,May,2017 May,SYD,Product A,1166
2017,May,2017 May,MEL,Product B,26641
2017,May,2017 May,ADE,Product B,97
2017,Jun,2017 Jun,ADE,Product A,430
2017,Jun,2017 Jun,MEL,Product A,6928
2017,Jun,2017 Jun,BRI,Product A,469
2017,Jun,2017 Jun,SYD,Product A,1373
2017,Jun,2017 Jun,MEL,Product B,29042
2017,Jun,2017 Jun,ADE,Product B,116
2017,Jul,2017 Jul,ADE,Product A,417
2017,Jul,2017 Jul,MEL,Product A,6542
2017,Jul,2017 Jul,BRI,Product A,482
2017,Jul,2017 Jul,SYD,Product A,1456
2017,Jul,2017 Jul,MEL,Product B,31856
2017,Jul,2017 Jul,ADE,Product B,130
2017,Aug,2017 Aug,ADE,Product A,552
2017,Aug,2017 Aug,MEL,Product A,6819
2017,Aug,2017 Aug,BRI,Product A,484
2017,Aug,2017 Aug,SYD,Product A,1495
2017,Aug,2017 Aug,MEL,Product B,28343
2017,Aug,2017 Aug,ADE,Product B,111
2017,Sep,2017 Sep,ADE,Product A,464
2017,Sep,2017 Sep,MEL,Product A,6033
2017,Sep,2017 Sep,BRI,Product A,447
2017,Sep,2017 Sep,SYD,Product A,1251
2017,Sep,2017 Sep,MEL,Product B,28982
2017,Sep,2017 Sep,ADE,Product B,103
2017,Oct,2017 Oct,ADE,Product A,417
2017,Oct,2017 Oct,MEL,Product A,7678
2017,Oct,2017 Oct,BRI,Product A,507
2017,Oct,2017 Oct,SYD,Product A,1456
2017,Oct,2017 Oct,MEL,Product B,30838
2017,Oct,2017 Oct,ADE,Product B,120
2017,Nov,2017 Nov,ADE,Product A,423
2017,Nov,2017 Nov,MEL,Product A,7341
2017,Nov,2017 Nov,BRI,Product A,533
2017,Nov,2017 Nov,SYD,Product A,1631
2017,Nov,2017 Nov,MEL,Product B,33165
2017,Nov,2017 Nov,ADE,Product B,132
2017,Dec,2017 Dec,ADE,Product A,554
2017,Dec,2017 Dec,MEL,Product A,6829
2017,Dec,2017 Dec,BRI,Product A,505
2017,Dec,2017 Dec,SYD,Product A,1555
2017,Dec,2017 Dec,MEL,Product B,29648
2017,Dec,2017 Dec,ADE,Product B,107
2018,Jan,2018 Jan,ADE,Product A,459
2018,Jan,2018 Jan,MEL,Product A,5733
2018,Jan,2018 Jan,BRI,Product A,442
2018,Jan,2018 Jan,SYD,Product A,1375
2018,Jan,2018 Jan,MEL,Product B,29506
2018,Jan,2018 Jan,ADE,Product B,98
2018,Feb,2018 Feb,ADE,Product A,428
2018,Feb,2018 Feb,MEL,Product A,7465
2018,Feb,2018 Feb,BRI,Product A,503
2018,Feb,2018 Feb,SYD,Product A,1546
2018,Feb,2018 Feb,MEL,Product B,32002
2018,Feb,2018 Feb,ADE,Product B,127
2018,Mar,2018 Mar,ADE,Product A,429
2018,Mar,2018 Mar,MEL,Product A,7780
2018,Mar,2018 Mar,BRI,Product A,506
2018,Mar,2018 Mar,SYD,Product A,1568
2018,Mar,2018 Mar,MEL,Product B,34375
2018,Mar,2018 Mar,ADE,Product B,137
2018,Apr,2018 Apr,ADE,Product A,534
2018,Apr,2018 Apr,MEL,Product A,7234
2018,Apr,2018 Apr,BRI,Product A,443
2018,Apr,2018 Apr,SYD,Product A,1561
2018,Apr,2018 Apr,MEL,Product B,31046
2018,Apr,2018 Apr,ADE,Product B,112
2018,May,2018 May,ADE,Product A,481
2018,May,2018 May,MEL,Product A,5765
2018,May,2018 May,BRI,Product A,414
2018,May,2018 May,SYD,Product A,1332
2018,May,2018 May,MEL,Product B,31015
2018,May,2018 May,ADE,Product B,106
2018,Jun,2018 Jun,ADE,Product A,416
2018,Jun,2018 Jun,MEL,Product A,7476
2018,Jun,2018 Jun,BRI,Product A,485
2018,Jun,2018 Jun,SYD,Product A,1458
2018,Jun,2018 Jun,MEL,Product B,33685
2018,Jun,2018 Jun,ADE,Product B,130
2018,Jul,2018 Jul,ADE,Product A,440
2018,Jul,2018 Jul,MEL,Product A,6742
2018,Jul,2018 Jul,BRI,Product A,495
2018,Jul,2018 Jul,SYD,Product A,1501
2018,Jul,2018 Jul,MEL,Product B,35850
2018,Jul,2018 Jul,ADE,Product B,158
2018,Aug,2018 Aug,ADE,Product A,538
2018,Aug,2018 Aug,MEL,Product A,7217
2018,Aug,2018 Aug,BRI,Product A,458
2018,Aug,2018 Aug,SYD,Product A,1615
2018,Aug,2018 Aug,MEL,Product B,33211
2018,Aug,2018 Aug,ADE,Product B,123
2018,Sep,2018 Sep,ADE,Product A,474
2018,Sep,2018 Sep,MEL,Product A,6034
2018,Sep,2018 Sep,BRI,Product A,428
2018,Sep,2018 Sep,SYD,Product A,1418
2018,Sep,2018 Sep,MEL,Product B,33142
2018,Sep,2018 Sep,ADE,Product B,116
2018,Oct,2018 Oct,ADE,Product A,440
2018,Oct,2018 Oct,MEL,Product A,7389
2018,Oct,2018 Oct,BRI,Product A,519
2018,Oct,2018 Oct,SYD,Product A,1625
2018,Oct,2018 Oct,MEL,Product B,34664
2018,Oct,2018 Oct,ADE,Product B,137
2018,Nov,2018 Nov,ADE,Product A,447
2018,Nov,2018 Nov,MEL,Product A,7077
2018,Nov,2018 Nov,BRI,Product A,555
2018,Nov,2018 Nov,SYD,Product A,1770
2018,Nov,2018 Nov,MEL,Product B,37154
2018,Nov,2018 Nov,ADE,Product B,157
2018,Dec,2018 Dec,ADE,Product A,598
2018,Dec,2018 Dec,MEL,Product A,6837
2018,Dec,2018 Dec,BRI,Product A,538
2018,Dec,2018 Dec,SYD,Product A,1791
2018,Dec,2018 Dec,MEL,Product B,35303
2018,Dec,2018 Dec,ADE,Product B,125
2019,Jan,2019 Jan,ADE,Product A,467
2019,Jan,2019 Jan,MEL,Product A,6051
2019,Jan,2019 Jan,BRI,Product A,510
2019,Jan,2019 Jan,SYD,Product A,1621
2019,Jan,2019 Jan,MEL,Product B,36905
2019,Jan,2019 Jan,ADE,Product B,117
2019,Feb,2019 Feb,ADE,Product A,439
2019,Feb,2019 Feb,MEL,Product A,7193
2019,Feb,2019 Feb,BRI,Product A,571
2019,Feb,2019 Feb,SYD,Product A,1719
2019,Feb,2019 Feb,MEL,Product B,37333
2019,Feb,2019 Feb,ADE,Product B,149
2019,Mar,2019 Mar,ADE,Product A,446
2019,Mar,2019 Mar,MEL,Product A,6639
2019,Mar,2019 Mar,BRI,Product A,556
2019,Mar,2019 Mar,SYD,Product A,1972
2019,Mar,2019 Mar,MEL,Product B,40413
2019,Mar,2019 Mar,ADE,Product B,175
2019,Apr,2019 Apr,ADE,Product A,567
2019,Apr,2019 Apr,MEL,Product A,7060
2019,Apr,2019 Apr,BRI,Product A,509
2019,Apr,2019 Apr,SYD,Product A,1894
2019,Apr,2019 Apr,MEL,Product B,36579
2019,Apr,2019 Apr,ADE,Product B,139
2019,May,2019 May,ADE,Product A,485
2019,May,2019 May,MEL,Product A,6562
2019,May,2019 May,BRI,Product A,458
2019,May,2019 May,SYD,Product A,1565
2019,May,2019 May,MEL,Product B,37016
2019,May,2019 May,ADE,Product B,125
2019,Jun,2019 Jun,ADE,Product A,441
2019,Jun,2019 Jun,MEL,Product A,7063
2019,Jun,2019 Jun,BRI,Product A,510
2019,Jun,2019 Jun,SYD,Product A,1645
2019,Jun,2019 Jun,MEL,Product B,39103
2019,Jun,2019 Jun,ADE,Product B,152
2019,Jul,2019 Jul,ADE,Product A,429
2019,Jul,2019 Jul,MEL,Product A,7374
2019,Jul,2019 Jul,BRI,Product A,494
2019,Jul,2019 Jul,SYD,Product A,1658
2019,Jul,2019 Jul,MEL,Product B,41067
2019,Jul,2019 Jul,ADE,Product B,161
2019,Aug,2019 Aug,ADE,Product A,599
2019,Aug,2019 Aug,MEL,Product A,6563
2019,Aug,2019 Aug,BRI,Product A,460
2019,Aug,2019 Aug,SYD,Product A,1668
2019,Aug,2019 Aug,MEL,Product B,37653
2019,Aug,2019 Aug,ADE,Product B,123
2019,Sep,2019 Sep,ADE,Product A,464
2019,Sep,2019 Sep,MEL,Product A,6202
2019,Sep,2019 Sep,BRI,Product A,372
2019,Sep,2019 Sep,SYD,Product A,1343
2019,Sep,2019 Sep,MEL,Product B,37554
2019,Sep,2019 Sep,ADE,Product B,111
2019,Oct,2019 Oct,ADE,Product A,424
2019,Oct,2019 Oct,MEL,Product A,6694
2019,Oct,2019 Oct,BRI,Product A,436
2019,Oct,2019 Oct,SYD,Product A,1441
2019,Oct,2019 Oct,MEL,Product B,38752
2019,Oct,2019 Oct,ADE,Product B,141
2019,Nov,2019 Nov,ADE,Product A,436
2019,Nov,2019 Nov,MEL,Product A,6748
2019,Nov,2019 Nov,BRI,Product A,422
2019,Nov,2019 Nov,SYD,Product A,1444
2019,Nov,2019 Nov,MEL,Product B,41424
2019,Nov,2019 Nov,ADE,Product B,160
2019,Dec,2019 Dec,ADE,Product A,574
2019,Dec,2019 Dec,MEL,Product A,6160
2019,Dec,2019 Dec,BRI,Product A,423
2019,Dec,2019 Dec,SYD,Product A,1497
2019,Dec,2019 Dec,MEL,Product B,38101
2019,Dec,2019 Dec,ADE,Product B,125
2020,Jan,2020 Jan,ADE,Product A,443
2020,Jan,2020 Jan,MEL,Product A,5777
2020,Jan,2020 Jan,BRI,Product A,383
2020,Jan,2020 Jan,SYD,Product A,1289
2020,Jan,2020 Jan,MEL,Product B,38332
2020,Jan,2020 Jan,ADE,Product B,117
2020,Feb,2020 Feb,ADE,Product A,410
2020,Feb,2020 Feb,MEL,Product A,5853
2020,Feb,2020 Feb,BRI,Product A,404
2020,Feb,2020 Feb,SYD,Product A,1501
2020,Feb,2020 Feb,MEL,Product B,39774
2020,Feb,2020 Feb,ADE,Product B,151
2020,Mar,2020 Mar,ADE,Product A,420
2020,Mar,2020 Mar,MEL,Product A,6416
2020,Mar,2020 Mar,BRI,Product A,446
2020,Mar,2020 Mar,SYD,Product A,1539
2020,Mar,2020 Mar,MEL,Product B,42246
2020,Mar,2020 Mar,ADE,Product B,175
2020,Apr,2020 Apr,ADE,Product A,532
2020,Apr,2020 Apr,MEL,Product A,5825
2020,Apr,2020 Apr,BRI,Product A,420
2020,Apr,2020 Apr,SYD,Product A,1568
2020,Apr,2020 Apr,MEL,Product B,38498
2020,Apr,2020 Apr,ADE,Product B,129
2020,May,2020 May,ADE,Product A,433
2020,May,2020 May,MEL,Product A,5724
2020,May,2020 May,BRI,Product A,394
2020,May,2020 May,SYD,Product A,1450
2020,May,2020 May,MEL,Product B,39460
2020,May,2020 May,ADE,Product B,116
2020,Jun,2020 Jun,ADE,Product A,421
2020,Jun,2020 Jun,MEL,Product A,6036
2020,Jun,2020 Jun,BRI,Product A,462
2020,Jun,2020 Jun,SYD,Product A,1668
2020,Jun,2020 Jun,MEL,Product B,41356
2020,Jun,2020 Jun,ADE,Product B,149
2020,Jul,2020 Jul,ADE,Product A,410
2020,Jul,2020 Jul,MEL,Product A,6570
2020,Jul,2020 Jul,BRI,Product A,475
2020,Jul,2020 Jul,SYD,Product A,1648
2020,Jul,2020 Jul,MEL,Product B,42949
2020,Jul,2020 Jul,ADE,Product B,163
2020,Aug,2020 Aug,ADE,Product A,512
2020,Aug,2020 Aug,MEL,Product A,5675
2020,Aug,2020 Aug,BRI,Product A,443
2020,Aug,2020 Aug,SYD,Product A,1863
2020,Aug,2020 Aug,MEL,Product B,40974
2020,Aug,2020 Aug,ADE,Product B,138
2020,Sep,2020 Sep,ADE,Product A,449
2020,Sep,2020 Sep,MEL,Product A,5311
2020,Sep,2020 Sep,BRI,Product A,421
2020,Sep,2020 Sep,SYD,Product A,1468
2020,Sep,2020 Sep,MEL,Product B,40162
2020,Sep,2020 Sep,ADE,Product B,127
2020,Oct,2020 Oct,ADE,Product A,381
2020,Oct,2020 Oct,MEL,Product A,5717
2020,Oct,2020 Oct,BRI,Product A,475
2020,Oct,2020 Oct,SYD,Product A,1755
2020,Oct,2020 Oct,MEL,Product B,41199
2020,Oct,2020 Oct,ADE,Product B,159
2020,Nov,2020 Nov,ADE,Product A,423
2020,Nov,2020 Nov,MEL,Product A,7000
2020,Nov,2020 Nov,BRI,Product A,497
2020,Nov,2020 Nov,SYD,Product A,1962
2020,Nov,2020 Nov,MEL,Product B,44095
2020,Nov,2020 Nov,ADE,Product B,184
2020,Dec,2020 Dec,ADE,Product A,531
2020,Dec,2020 Dec,MEL,Product A,6085
2020,Dec,2020 Dec,BRI,Product A,476
2020,Dec,2020 Dec,SYD,Product A,1833
2020,Dec,2020 Dec,MEL,Product B,41745
2020,Dec,2020 Dec,ADE,Product B,147
2021,Jan,2021 Jan,ADE,Product A,426
2021,Jan,2021 Jan,MEL,Product A,4714
2021,Jan,2021 Jan,BRI,Product A,430
2021,Jan,2021 Jan,SYD,Product A,1626
2021,Jan,2021 Jan,MEL,Product B,41768
2021,Jan,2021 Jan,ADE,Product B,131
2021,Feb,2021 Feb,ADE,Product A,408
2021,Feb,2021 Feb,MEL,Product A,3939
2021,Feb,2021 Feb,BRI,Product A,457
2021,Feb,2021 Feb,SYD,Product A,1703
2021,Feb,2021 Feb,MEL,Product B,43686
2021,Feb,2021 Feb,ADE,Product B,167
2021,Mar,2021 Mar,ADE,Product A,416
2021,Mar,2021 Mar,MEL,Product A,6137
2021,Mar,2021 Mar,BRI,Product A,417
2021,Mar,2021 Mar,SYD,Product A,1733
2021,Mar,2021 Mar,MEL,Product B,46022
2021,Mar,2021 Mar,ADE,Product B,181
2021,Apr,2021 Apr,ADE,Product A,520
2021,Apr,2021 Apr,MEL,Product A,4739
2021,Apr,2021 Apr,BRI,Product A,370
2021,Apr,2021 Apr,SYD,Product A,1545
2021,Apr,2021 Apr,MEL,Product B,42800
2021,Apr,2021 Apr,ADE,Product B,145
2021,May,2021 May,ADE,Product A,409
2021,May,2021 May,MEL,Product A,4275
2021,May,2021 May,BRI,Product A,310
2021,May,2021 May,SYD,Product A,1526
2021,May,2021 May,MEL,Product B,43661
2021,May,2021 May,ADE,Product B,133
2021,Jun,2021 Jun,ADE,Product A,398
2021,Jun,2021 Jun,MEL,Product A,5239
2021,Jun,2021 Jun,BRI,Product A,358
2021,Jun,2021 Jun,SYD,Product A,1593
2021,Jun,2021 Jun,MEL,Product B,44707
2021,Jun,2021 Jun,ADE,Product B,162
2021,Jul,2021 Jul,ADE,Product A,398
2021,Jul,2021 Jul,MEL,Product A,6293
2021,Jul,2021 Jul,BRI,Product A,379
2021,Jul,2021 Jul,SYD,Product A,1706
2021,Jul,2021 Jul,MEL,Product B,46326
2021,Jul,2021 Jul,ADE,Product B,184
2021,Aug,2021 Aug,ADE,Product A,507
2021,Aug,2021 Aug,MEL,Product A,5575
2021,Aug,2021 Aug,BRI,Product A,369
2021,Aug,2021 Aug,SYD,Product A,1699
2021,Aug,2021 Aug,MEL,Product B,43346
2021,Aug,2021 Aug,ADE,Product B,146
2021,Sep,2021 Sep,ADE,Product A,432
2021,Sep,2021 Sep,MEL,Product A,4802
2021,Sep,2021 Sep,BRI,Product A,330
2021,Sep,2021 Sep,SYD,Product A,1511
2021,Sep,2021 Sep,MEL,Product B,43938
2021,Sep,2021 Sep,ADE,Product B,135
2021,Oct,2021 Oct,ADE,Product A,398
2021,Oct,2021 Oct,MEL,Product A,5523
2021,Oct,2021 Oct,BRI,Product A,390
2021,Oct,2021 Oct,SYD,Product A,1785
2021,Oct,2021 Oct,MEL,Product B,45828
2021,Oct,2021 Oct,ADE,Product B,171
2021,Nov,2021 Nov,ADE,Product A,406
2021,Nov,2021 Nov,MEL,Product A,5708
2021,Nov,2021 Nov,BRI,Product A,416
2021,Nov,2021 Nov,SYD,Product A,1826
2021,Nov,2021 Nov,MEL,Product B,48448
2021,Nov,2021 Nov,ADE,Product B,183
2021,Dec,2021 Dec,ADE,Product A,526
2021,Dec,2021 Dec,MEL,Product A,4821
2021,Dec,2021 Dec,BRI,Product A,383
2021,Dec,2021 Dec,SYD,Product A,1830
2021,Dec,2021 Dec,MEL,Product B,46096
2021,Dec,2021 Dec,ADE,Product B,151
2022,Jan,2022 Jan,ADE,Product A,428
2022,Jan,2022 Jan,MEL,Product A,4919
2022,Jan,2022 Jan,BRI,Product A,339
2022,Jan,2022 Jan,SYD,Product A,1719
2022,Jan,2022 Jan,MEL,Product B,46198
2022,Jan,2022 Jan,ADE,Product B,141
2022,Feb,2022 Feb,ADE,Product A,397
2022,Feb,2022 Feb,MEL,Product A,5809
2022,Feb,2022 Feb,BRI,Product A,394
2022,Feb,2022 Feb,SYD,Product A,1861
2022,Feb,2022 Feb,MEL,Product B,47237
2022,Feb,2022 Feb,ADE,Product B,174
2022,Mar,2022 Mar,ADE,Product A,403
2022,Mar,2022 Mar,MEL,Product A,5904
2022,Mar,2022 Mar,BRI,Product A,412
2022,Mar,2022 Mar,SYD,Product A,1956
2022,Mar,2022 Mar,MEL,Product B,49041
2022,Mar,2022 Mar,ADE,Product B,191
2022,Apr,2022 Apr,ADE,Product A,517
2022,Apr,2022 Apr,MEL,Product A,4555
2022,Apr,2022 Apr,BRI,Product A,420
2022,Apr,2022 Apr,SYD,Product A,2067
2022,Apr,2022 Apr,MEL,Product B,46192
2022,Apr,2022 Apr,ADE,Product B,157
2022,May,2022 May,ADE,Product A,435
2022,May,2022 May,MEL,Product A,5198
2022,May,2022 May,BRI,Product A,376
2022,May,2022 May,SYD,Product A,1737
2022,May,2022 May,MEL,Product B,48089
2022,May,2022 May,ADE,Product B,145
2022,Jun,2022 Jun,ADE,Product A,383
2022,Jun,2022 Jun,MEL,Product A,5388
2022,Jun,2022 Jun,BRI,Product A,401
2022,Jun,2022 Jun,SYD,Product A,1944
2022,Jun,2022 Jun,MEL,Product B,48227
2022,Jun,2022 Jun,ADE,Product B,182
2022,Jul,2022 Jul,ADE,Product A,424
2022,Jul,2022 Jul,MEL,Product A,5142
2022,Jul,2022 Jul,BRI,Product A,430
2022,Jul,2022 Jul,SYD,Product A,2005
2022,Jul,2022 Jul,MEL,Product B,49784
2022,Jul,2022 Jul,ADE,Product B,198
2022,Aug,2022 Aug,ADE,Product A,521
2022,Aug,2022 Aug,MEL,Product A,5517
2022,Aug,2022 Aug,BRI,Product A,417
2022,Aug,2022 Aug,SYD,Product A,2027
2022,Aug,2022 Aug,MEL,Product B,47588
2022,Aug,2022 Aug,ADE,Product B,165
2022,Sep,2022 Sep,ADE,Product A,421
2022,Sep,2022 Sep,MEL,Product A,5169
2022,Sep,2022 Sep,BRI,Product A,416
2022,Sep,2022 Sep,SYD,Product A,1835
2022,Sep,2022 Sep,MEL,Product B,49320
2022,Sep,2022 Sep,ADE,Product B,164
2022,Oct,2022 Oct,ADE,Product A,402
2022,Oct,2022 Oct,MEL,Product A,4860
2022,Oct,2022 Oct,BRI,Product A,447
2022,Oct,2022 Oct,SYD,Product A,2070
2022,Oct,2022 Oct,MEL,Product B,50670
2022,Oct,2022 Oct,ADE,Product B,199
2022,Nov,2022 Nov,ADE,Product A,414
2022,Nov,2022 Nov,MEL,Product A,5185
2022,Nov,2022 Nov,BRI,Product A,421
2022,Nov,2022 Nov,SYD,Product A,1898
2022,Nov,2022 Nov,MEL,Product B,52623
2022,Nov,2022 Nov,ADE,Product B,213
2022,Dec,2022 Dec,ADE,Product A,500
2022,Dec,2022 Dec,MEL,Product A,4763
2022,Dec,2022 Dec,BRI,Product A,379
2022,Dec,2022 Dec,SYD,Product A,1652
2022,Dec,2022 Dec,MEL,Product B,49350
2022,Dec,2022 Dec,ADE,Product B,173
2023,Jan,2023 Jan,ADE,Product A,451
2023,Jan,2023 Jan,MEL,Product A,4217
2023,Jan,2023 Jan,BRI,Product A,304
2023,Jan,2023 Jan,SYD,Product A,1554
2023,Jan,2023 Jan,MEL,Product B,51658
2023,Jan,2023 Jan,ADE,Product B,177
2023,Feb,2023 Feb,ADE,Product A,380
2023,Feb,2023 Feb,MEL,Product A,4959
2023,Feb,2023 Feb,BRI,Product A,337
2023,Feb,2023 Feb,SYD,Product A,1717
2023,Feb,2023 Feb,MEL,Product B,51103
2023,Feb,2023 Feb,ADE,Product B,205
2023,Mar,2023 Mar,ADE,Product A,416
2023,Mar,2023 Mar,MEL,Product A,5196
2023,Mar,2023 Mar,BRI,Product A,385
2023,Mar,2023 Mar,SYD,Product A,1679
2023,Mar,2023 Mar,MEL,Product B,52226
2023,Mar,2023 Mar,ADE,Product B,218
2023,Apr,2023 Apr,ADE,Product A,492
2023,Apr,2023 Apr,MEL,Product A,4522
2023,Apr,2023 Apr,BRI,Product A,381
2023,Apr,2023 Apr,SYD,Product A,1836
2023,Apr,2023 Apr,MEL,Product B,50778
2023,Apr,2023 Apr,ADE,Product B,185
2023,May,2023 May,ADE,Product A,428
2023,May,2023 May,MEL,Product A,3843
2023,May,2023 May,BRI,Product A,345
2023,May,2023 May,SYD,Product A,1729
2023,May,2023 May,MEL,Product B,50639
2023,May,2023 May,ADE,Product B,166
2023,Jun,2023 Jun,ADE,Product A,408
2023,Jun,2023 Jun,MEL,Product A,4806
2023,Jun,2023 Jun,BRI,Product A,405
2023,Jun,2023 Jun,SYD,Product A,1992
2023,Jun,2023 Jun,MEL,Product B,51486
2023,Jun,2023 Jun,ADE,Product B,204
2023,Jul,2023 Jul,ADE,Product A,406
2023,Jul,2023 Jul,MEL,Product A,5280
2023,Jul,2023 Jul,BRI,Product A,417
2023,Jul,2023 Jul,SYD,Product A,2030
2023,Jul,2023 Jul,MEL,Product B,53299
2023,Jul,2023 Jul,ADE,Product B,228
2023,Aug,2023 Aug,ADE,Product A,506
2023,Aug,2023 Aug,MEL,Product A,4709
2023,Aug,2023 Aug,BRI,Product A,420
2023,Aug,2023 Aug,SYD,Product A,1978
2023,Aug,2023 Aug,MEL,Product B,51646
2023,Aug,2023 Aug,ADE,Product B,186
2023,Sep,2023 Sep,ADE,Product A,435
2023,Sep,2023 Sep,MEL,Product A,4362
2023,Sep,2023 Sep,BRI,Product A,387
2023,Sep,2023 Sep,SYD,Product A,1831
2023,Sep,2023 Sep,MEL,Product B,51415
2023,Sep,2023 Sep,ADE,Product B,172
2023,Oct,2023 Oct,ADE,Product A,380
2023,Oct,2023 Oct,MEL,Product A,5210
2023,Oct,2023 Oct,BRI,Product A,415
2023,Oct,2023 Oct,SYD,Product A,1892
2023,Oct,2023 Oct,MEL,Product B,51379
2023,Oct,2023 Oct,ADE,Product B,204
2023,Nov,2023 Nov,ADE,Product A,421
2023,Nov,2023 Nov,MEL,Product A,5258
2023,Nov,2023 Nov,BRI,Product A,440
2023,Nov,2023 Nov,SYD,Product A,2227
2023,Nov,2023 Nov,MEL,Product B,54808
2023,Nov,2023 Nov,ADE,Product B,232
2023,Dec,2023 Dec,ADE,Product A,490
2023,Dec,2023 Dec,MEL,Product A,4526
2023,Dec,2023 Dec,BRI,Product A,413
2023,Dec,2023 Dec,SYD,Product A,2090
2023,Dec,2023 Dec,MEL,Product B,52453
2023,Dec,2023 Dec,ADE,Product B,188
2024,Jan,2024 Jan,ADE,Product A,435
2024,Jan,2024 Jan,MEL,Product A,3974
2024,Jan,2024 Jan,BRI,Product A,409
2024,Jan,2024 Jan,SYD,Product A,1963
2024,Jan,2024 Jan,MEL,Product B,54561
2024,Jan,2024 Jan,ADE,Product B,173
2024,Feb,2024 Feb,ADE,Product A,390
2024,Feb,2024 Feb,MEL,Product A,5027
2024,Feb,2024 Feb,BRI,Product A,423
2024,Feb,2024 Feb,SYD,Product A,2180
2024,Feb,2024 Feb,MEL,Product B,54644
2024,Feb,2024 Feb,ADE,Product B,215
